{
  "runtimes": {
    "linux-arm": {
      "Microsoft.NETCore.DotNetHostPolicy": {
        "runtime.linux-arm.Microsoft.NETCore.DotNetHostPolicy": "2.0.0"
      }
    },
    "linux-x64": {
      "Microsoft.NETCore.DotNetHostPolicy": {
        "runtime.linux-x64.Microsoft.NETCore.DotNetHostPolicy": "2.0.0"
      }
    },
    "osx-x64": {
      "Microsoft.NETCore.DotNetHostPolicy": {
        "runtime.osx-x64.Microsoft.NETCore.DotNetHostPolicy": "2.0.0"
      }
    },
    "tizen.4.0.0-armel": {
      "Microsoft.NETCore.DotNetHostPolicy": {
        "runtime.tizen.4.0.0-armel.Microsoft.NETCore.DotNetHostPolicy": "2.0.0"
      }
    },
    "win-arm": {
      "Microsoft.NETCore.DotNetHostPolicy": {
        "runtime.win-arm.Microsoft.NETCore.DotNetHostPolicy": "2.0.0"
      }
    },
    "win-arm64": {
      "Microsoft.NETCore.DotNetHostPolicy": {
        "runtime.win-arm64.Microsoft.NETCore.DotNetHostPolicy": "2.0.0"
      }
    },
    "win-x64": {
      "Microsoft.NETCore.DotNetHostPolicy": {
        "runtime.win-x64.Microsoft.NETCore.DotNetHostPolicy": "2.0.0"
      }
    },
    "win-x86": {
      "Microsoft.NETCore.DotNetHostPolicy": {
        "runtime.win-x86.Microsoft.NETCore.DotNetHostPolicy": "2.0.0"
      }
    }
  }
}